Date,avg_Temperature,min_Temperature,max_Temperature,avg_lower_bound,avg_upper_bound
2025-01-01,259.3168320952993,250.34492274950722,270.37286640797015,259.1134727977481,259.52315829162086
2025-01-02,278.6347295317042,252.82732874936158,302.0611871703749,278.4266254576831,278.84068617450185
2025-01-03,235.76794053686197,168.9760228520279,306.974377995608,235.56234736702552,235.9770981439024
2025-01-04,288.1015669124103,118.00184701461977,478.02877519808175,287.8954327036469,288.3047900413286
2025-01-05,233.7903422127986,-286.32008853723426,670.0362644658464,233.5797373918897,233.99704508466826
2025-01-06,8.703273561087576,-1093.9270098580794,1470.0505997136568,8.498155608605677,8.912934622690605
2025-01-07,830.2028465663057,-3443.016600453405,4250.6919277384,829.9966581322957,830.4107484566694
2025-01-08,-3550.2446822329657,-14910.731485212322,9189.983924152853,-3550.4542208472635,-3550.040225115756
2025-01-09,7349.867926956877,-30264.445169870418,40570.56700163073,7349.656369064082,7350.073942625943
2025-01-10,-35249.1389768883,-143144.78297036467,77573.20448975914,-35249.34684769387,-35248.93353650161
2025-01-11,60721.624313466025,-273305.5205705164,373605.27949591476,60721.41751621512,60721.82965300687
2025-01-12,-290302.07672282285,-1271943.1216643383,698131.5966675744,-290302.28478395107,-290301.8685409887
2025-01-13,459860.74937678484,-2418518.6252236706,3214640.7139013456,459860.54284600256,459860.95956439635
2025-01-14,-2285046.451271528,-10896215.239770314,6118052.45657143,-2285046.6611921634,-2285046.2431976907
2025-01-15,3364364.6946075107,-21517331.55299087,27738019.6411463,3364364.4880922404,3364364.9010152747
2025-01-16,-17834874.369019333,-93903520.9521015,55005408.496397935,-17834874.57537533,-17834874.160732552
2025-01-17,24156002.47762732,-188017848.32183632,236128345.28185594,24156002.270175453,24156002.68594941
2025-01-18,-138522381.34746677,-790821266.1526265,473626874.1289316,-138522381.5553263,-138522381.13884017
2025-01-19,168472371.44880775,-1622150130.1995628,2014410603.2961185,168472371.24243954,168472371.6522195
2025-01-20,-1063764552.4707193,-6895659347.460408,4137322867.4733953,-1063764552.6783123,-1063764552.2634468
2025-01-21,1096150021.7438462,-14120483404.001556,17424073631.538166,1096150021.535787,1096150021.9537885
2025-01-22,-7994387446.45548,-58723641733.421715,35605828560.7458,-7994387446.661288,-7994387446.248366
2025-01-23,6186780535.66829,-119734330283.60736,147393044548.83273,6186780535.460255,6186780535.876918
2025-01-24,-58059047746.57461,-509522850262.58246,305648507819.9086,-58059047746.78345,-58059047746.36617
2025-01-25,23100850433.055317,-1048961256391.216,1293329905825.913,23100850432.848072,23100850433.264668
2025-01-26,-402531981820.8919,-4387868654623.741,2653651700171.3604,-402531981821.10156,-402531981820.68555
2025-01-27,-73453462990.48308,-8951096771875.4,11013768959363.764,-73453462990.69304,-73453462990.27246
2025-01-28,-2596524137687.371,-36824593714343.34,22469254886802.867,-2596524137687.5815,-2596524137687.1606
2025-01-29,-3016759631350.488,-77688615184785.64,90997122372184.67,-3016759631350.6973,-3016759631350.278
2025-01-30,-14896954962151.85,-301105541539477.75,197230033696723.3,-14896954962152.057,-14896954962151.64
2025-01-31,-46352452031257.47,-669068994120203.4,728164230684397.0,-46352452031257.68,-46352452031257.26
2025-02-01,-65587636014746.25,-2393296702757415.5,1679428620624245.8,-65587636014746.48,-65587636014746.02
2025-02-02,-566040058409885.5,-5740378094266422.0,5622532120901920.0,-566040058409885.6,-566040058409885.4
2025-02-03,-54793721019519.5,-1.8429724681886412e+16,1.4618188219668824e+16,-54793721019519.5,-54793721019519.5
2025-02-04,-6215510327483485.0,-4.9884360430423784e+16,4.155175149741418e+16,-6215510327483485.0,-6215510327483485.0
2025-02-05,3539457497709655.5,-1.3659810099476322e+17,1.2574921202883726e+17,3539457497709655.5,3539457497709655.5
2025-02-06,-6.379671980825558e+16,-4.229506618859202e+17,2.8997194072208026e+17,-6.379671980825558e+16,-6.379671980825558e+16
2025-02-07,6.1218855710821304e+16,-9.632139218195946e+17,1.0797963637416515e+18,6.1218855710821304e+16,6.1218855710821304e+16
2025-02-08,-6.254680880865361e+17,-3.7085030733052436e+18,2.2277656606847068e+18,-6.254680880865361e+17,-6.254680880865361e+17
2025-02-09,7.497943290361989e+17,-7.602525237759325e+18,9.384273940396214e+18,7.497943290361989e+17,7.497943290361989e+17
2025-02-10,-5.917881188662013e+18,-3.1670531244145017e+19,1.9165171893632942e+19,-5.917881188662013e+18,-5.917881188662013e+18
2025-02-11,8.006352275763748e+18,-6.445154890483689e+19,7.94692064735591e+19,8.006352275763748e+18,8.006352275763748e+18
2025-02-12,-5.435244162786735e+19,-2.7487975325524397e+20,1.645478004010395e+20,-5.435244162786735e+19,-5.435244162786735e+19
2025-02-13,7.865557718480973e+19,-5.651582738204274e+20,6.979656984530198e+20,7.865557718480973e+19,7.865557718480973e+19
2025-02-14,-4.870814577798037e+20,-2.368253508436996e+21,1.4301581523386027e+21,-4.870814577798037e+20,-4.870814577798037e+20
2025-02-15,7.298576165865052e+20,-4.82676335964784e+21,5.945466545380292e+21,7.298576165865052e+20,7.298576165865052e+20
2025-02-16,-4.2624137947072236e+21,-2.031362112950077e+22,1.2109553396543216e+22,-4.2624137947072236e+21,-4.2624137947072236e+21
2025-02-17,6.466419949107096e+21,-4.188888887162979e+22,5.1734138785069286e+22,6.466419949107096e+21,6.466419949107096e+21
2025-02-18,-3.652836924934814e+22,-1.7656830587723146e+23,1.0636570314813596e+23,-3.652836924934814e+22,-3.652836924934814e+22
2025-02-19,5.490250861353866e+22,-3.6092438583256484e+23,4.4514164992215254e+23,5.490250861353866e+22,5.490250861353866e+22
2025-02-20,-3.0633390089000805e+23,-1.4965849450223692e+24,9.061291945078075e+23,-3.0633390089000805e+23,-3.0633390089000805e+23
2025-02-21,4.479575844426724e+23,-3.095507204705276e+24,3.8210000492285217e+24,4.479575844426724e+23,4.479575844426724e+23
2025-02-22,-2.514757714807494e+24,-1.3125156503931664e+25,7.883730814157392e+24,-2.514757714807494e+24,-2.514757714807494e+24
2025-02-23,3.488637221397209e+24,-2.690852706148344e+25,3.3215828867343485e+25,3.488637221397209e+24,3.488637221397209e+24
2025-02-24,-2.0188118813353474e+25,-1.1211269763939808e+26,6.784067130671468e+25,-2.0188118813353474e+25,-2.0188118813353474e+25
2025-02-25,2.5769097733707756e+25,-2.280523835400935e+26,2.8118040028875977e+26,2.5769097733707756e+25,2.5769097733707756e+25
2025-02-26,-1.5801786694281012e+26,-9.727712673161785e+26,5.822621661428826e+26,-1.5801786694281012e+26,-1.5801786694281012e+26
2025-02-27,1.7642458366838638e+26,-2.0001885711140427e+27,2.4702279209515558e+27,1.7642458366838638e+26,1.7642458366838638e+26
2025-02-28,-1.2035400333399936e+27,-8.382871171126111e+27,5.062031675715368e+27,-1.2035400333399936e+27,-1.2035400333399936e+27
2025-03-01,1.069239893032868e+27,-1.7086521853764138e+28,2.1047431136100064e+28,1.069239893032868e+27,1.069239893032868e+27
2025-03-02,-8.851791000749516e+27,-7.188217289733431e+28,4.284626925706666e+28,-8.851791000749516e+27,-8.851791000749516e+27
2025-03-03,4.965140179655999e+27,-1.4824032533300474e+29,1.8308015613804775e+29,4.965140179655999e+27,4.965140179655999e+27
2025-03-04,-6.239151149816584e+28,-6.2494880033803956e+29,3.764475188148443e+29,-6.239151149816584e+28,-6.239151149816584e+28
2025-03-05,3.939192625940968e+27,-1.2775587079313905e+30,1.5757016396301668e+30,3.939192625940968e+27,3.939192625940968e+27
2025-03-06,-4.1360131958430165e+29,-5.292700639652761e+30,3.2077711649409177e+30,-4.1360131958430165e+29,-4.1360131958430165e+29
2025-03-07,-3.0596913692880978e+29,-1.0953823689828556e+31,1.3159802751996655e+31,-3.0596913692880978e+29,-3.0596913692880978e+29
2025-03-08,-2.4903542744411246e+30,-4.367830183010048e+31,2.789946443767594e+31,-2.4903542744411246e+30,-2.4903542744411246e+30
2025-03-09,-5.5615527431725e+30,-9.524047807005203e+31,1.0651327829229172e+32,-5.5615527431725e+30,-5.5615527431725e+30
2025-03-10,-1.24359356889208e+31,-3.507670532250312e+32,2.40140695017727e+32,-1.24359356889208e+31,-1.24359356889208e+31
2025-03-11,-7.209366081314042e+31,-8.069269057256597e+32,8.33474553319903e+32,-7.209366081314042e+31,-7.209366081314042e+31
2025-03-12,-3.2787346437538266e+31,-2.7328491006371373e+33,2.060358537393089e+33,-3.2787346437538266e+31,-3.2787346437538266e+31
2025-03-13,-8.165804297177904e+32,-7.0789669995553e+33,6.263223892572988e+33,-8.165804297177904e+32,-8.165804297177904e+32
2025-03-14,3.063340639664957e+32,-2.055469724381281e+34,1.7916929677144888e+34,3.063340639664957e+32,3.063340639664957e+32
2025-03-15,-8.560424723195565e+33,-6.048527861052629e+34,4.471029858465632e+34,-8.560424723195565e+33,-8.560424723195565e+33
2025-03-16,7.212283798815775e+33,-1.4778290732779278e+35,1.5159898868792895e+35,7.212283798815775e+33,7.212283798815775e+33
2025-03-17,-8.514152852546264e+34,-5.246053343984745e+35,3.13967007518599e+35,-8.514152852546264e+34,-8.514152852546264e+34
2025-03-18,9.587632046915342e+34,-1.0787878120774044e+36,1.3323122766925872e+36,9.587632046915342e+34,9.587632046915342e+34
2025-03-19,-8.153903604967784e+35,-4.522145073328222e+36,2.7305049051519854e+36,-8.153903604967784e+35,-8.153903604967784e+35
2025-03-20,1.064488936485365e+36,-9.21824328187275e+36,1.1355741729394192e+37,1.064488936485365e+36,1.064488936485365e+36
2025-03-21,-7.561831179762901e+36,-3.8761347634160823e+37,2.3100632270499345e+37,-7.561831179762901e+36,-7.561831179762901e+36
2025-03-22,1.0735139970221706e+37,-7.994438746253349e+37,9.87322437229082e+37,1.0735139970221706e+37,1.0735139970221706e+37
2025-03-23,-6.835045049651724e+37,-3.3709505642815984e+38,2.0303598665621954e+38,-6.835045049651724e+37,-6.835045049651724e+37
2025-03-24,1.0142025022363261e+38,-6.891792189115547e+38,8.50042081254224e+38,1.0142025022363261e+38,1.0142025022363261e+38
2025-03-25,-6.0304640568163224e+38,-2.8557077402465244e+39,1.730690133332066e+39,-6.0304640568163224e+38,-6.0304640568163224e+38
2025-03-26,9.132637568030263e+38,-5.90667494618463e+39,7.290647968243739e+39,9.132637568030263e+38,9.132637568030263e+38
2025-03-27,-5.2057613556727106e+39,-2.505347956699165e+40,1.5045727055830985e+40,-5.2057613556727106e+39,-5.2057613556727106e+39
2025-03-28,7.866650404026279e+39,-5.137231495274934e+40,6.341637156633528e+40,7.866650404026279e+39,7.866650404026279e+39
2025-03-29,-4.400385197856846e+40,-2.1411388505274308e+41,1.2954831259906463e+41,-4.400385197856846e+40,-4.400385197856846e+40
2025-03-30,6.513692711691663e+40,-4.3523379763525415e+41,5.363875470860436e+41,6.513692711691663e+40,6.513692711691663e+40
2025-03-31,-3.639295636630464e+41,-1.85651419922624e+42,1.1109820241182966e+42,-3.639295636630464e+41,-3.639295636630464e+41
2025-04-01,5.161325606293242e+41,-3.817982460039502e+42,4.7152713560169206e+42,5.161325606293242e+41,5.161325606293242e+41
2025-04-02,-2.946328750781678e+42,-1.600690071827088e+43,9.66452351074471e+42,-2.946328750781678e+42,-2.946328750781678e+42
2025-04-03,3.890136403928998e+42,-3.2631949335593506e+43,4.020005006219005e+43,3.890136403928998e+42,3.890136403928998e+42
2025-04-04,-2.327189750851898e+43,-1.3716118353737761e+44,8.173460044104431e+43,-2.327189750851898e+43,-2.327189750851898e+43
2025-04-05,2.7473068570051955e+43,-2.829132543055928e+44,3.4939864234977136e+44,2.7473068570051955e+43,2.7473068570051955e+43
2025-04-06,-1.7909204913548445e+44,-1.193115160162376e+45,7.185770966764321e+44,-1.7909204913548445e+44,-1.7909204913548445e+44
2025-04-07,1.7522237441856193e+44,-2.4394653079148657e+45,3.008943973796592e+45,1.7522237441856193e+44,1.7522237441856193e+44
2025-04-08,-1.334845459749717e+45,-1.010974073614381e+46,6.126748583758933e+45,-1.334845459749717e+45,-1.334845459749717e+45
2025-04-09,9.247107109175071e+44,-2.0901390185464468e+46,2.579814806465421e+46,9.247107109175071e+44,9.247107109175071e+44
2025-04-10,-9.563777488960378e+45,-8.86676948643931e+46,5.324453945854885e+46,-9.563777488960378e+45,-9.563777488960378e+45
2025-04-11,2.5395778247766177e+45,-1.8182719494622392e+47,2.244596322940038e+47,2.5395778247766177e+45,2.5395778247766177e+45
2025-04-12,-6.50111062475526e+46,-7.579474521792493e+47,4.585694384949904e+47,-6.50111062475526e+46,-6.50111062475526e+46
2025-04-13,-2.6198093058783254e+46,-1.540808160810047e+48,1.8949573140975125e+48,-2.6198093058783254e+46,-2.6198093058783254e+46
2025-04-14,-4.073092980019769e+47,-6.313015179636234e+48,3.9312360956978256e+48,-4.073092980019769e+47,-4.073092980019769e+47
2025-04-15,-6.4232042666414725e+47,-1.3512354487274017e+49,1.5512501253765403e+49,-6.4232042666414725e+47,-6.4232042666414725e+47
2025-04-16,-2.2165848064965877e+48,-5.120908108217299e+49,3.4207157748289775e+49,-2.2165848064965877e+48,-2.2165848064965877e+48
2025-04-17,-9.032482047186202e+48,-1.1551462981771116e+50,1.2291809778029716e+50,-9.032482047186202e+48,-9.032482047186202e+48
2025-04-18,-8.326070599980083e+48,-4.034519795496936e+50,2.89192553880784e+50,-8.326070599980083e+48,-8.326070599980083e+48
2025-04-19,-1.0624019166920227e+50,-1.0011930760410332e+51,9.380452061513274e+50,-1.0624019166920227e+50,-1.0624019166920227e+50
2025-04-20,1.4634613966640602e+49,-3.075457506649331e+51,2.5431547695130088e+51,1.4634613966640602e+49,1.4634613966640602e+49
2025-04-21,-1.1410568150387437e+51,-8.634879017293337e+51,6.831133520792795e+51,-1.1410568150387437e+51,-1.1410568150387437e+51
2025-04-22,8.018681509540018e+50,-2.2501226304288012e+52,2.1689011754249026e+52,8.018681509540018e+50,8.018681509540018e+50
2025-04-23,-1.1535644338963541e+52,-7.396163625309895e+52,4.668101294853563e+52,-1.1535644338963541e+52,-1.1535644338963541e+52
2025-04-24,1.2002922702338778e+52,-1.5590634983945638e+53,1.8842392245066168e+53,1.2002922702338778e+52,1.2002922702338778e+52
2025-04-25,-1.1188030940872293e+53,-6.4355802303405165e+53,3.8756009881852e+53,-1.1188030940872293e+53,-1.1188030940872293e+53
2025-04-26,1.3985373561365067e+53,-1.3159617599804197e+54,1.623220325397205e+54,1.3985373561365067e+53,1.3985373561365067e+53
2025-04-27,-1.0486982266222639e+54,-5.4547345649631904e+54,3.305542683157788e+54,-1.0486982266222639e+54,-1.0486982266222639e+54
2025-04-28,1.453121190842371e+54,-1.1270680027779783e+55,1.3910742133982518e+55,1.453121190842371e+54,1.453121190842371e+54
2025-04-29,-9.561545655000342e+54,-4.782195620659525e+55,2.8713721848307944e+55,-9.561545655000342e+54,-9.561545655000342e+54
2025-04-30,1.4010743736679414e+55,-9.807624149442224e+55,1.2107447488678496e+56,1.4010743736679414e+55,1.4010743736679414e+55
2025-05-01,-8.5087424634524e+55,-4.0891221661208114e+56,2.4738196933301806e+56,-8.5087424634524e+55,-8.5087424634524e+55
2025-05-02,1.2825245576474819e+56,-8.313459243200125e+56,1.0232160809166685e+57,1.2825245576474819e+56,1.2825245576474819e+56
2025-05-03,-7.3995916498218635e+56,-3.5430853208758894e+57,2.119778518919895e+57,-7.3995916498218635e+56,-7.3995916498218635e+56
2025-05-04,1.121784244742987e+57,-7.28773541818442e+57,9.00059629727605e+57,1.121784244742987e+57,1.121784244742987e+57
2025-05-05,-6.303386215873605e+57,-3.056447975222305e+58,1.8451467827069501e+58,-6.303386215873605e+57,-6.303386215873605e+57
2025-05-06,9.418585797959605e+57,-6.232002075810798e+58,7.678005803949915e+58,9.418585797959605e+57,9.418585797959605e+57
2025-05-07,-5.252832349378805e+58,-2.617201055188441e+59,1.559171560785131e+59,-5.252832349378805e+58,-5.252832349378805e+58
2025-05-08,7.587871933667248e+58,-5.399282249705319e+59,6.668007462926937e+59,7.587871933667248e+58,7.587871933667248e+58
2025-05-09,-4.286104164793423e+59,-2.277800841095032e+60,1.3716308381319015e+60,-4.286104164793423e+59,-4.286104164793423e+59
2025-05-10,5.825234086727486e+59,-4.658045582763724e+60,5.745778198861602e+60,5.825234086727486e+59,5.825234086727486e+59
2025-05-11,-3.416196349662533e+60,-1.9310689076174235e+61,1.1701757604236453e+61,-3.416196349662533e+60,-3.416196349662533e+60
2025-05-12,4.223994603307652e+60,-3.988232270239149e+61,4.9223280538998263e+61,4.223994603307652e+60,4.223994603307652e+60
2025-05-13,-2.654169824881049e+61,-1.6924773025597327e+62,1.0161298673454328e+62,-2.654169824881049e+61,-2.654169824881049e+61
2025-05-14,2.8090901196145323e+61,-3.4712954445359996e+62,4.285359496655356e+62,2.8090901196145323e+61,2.8090901196145323e+61
2025-05-15,-2.0030093321372545e+62,-1.4475124409476928e+63,8.756672385519392e+62,-2.0030093321372545e+62,-2.0030093321372545e+62
2025-05-16,1.6161279150269322e+62,-2.9431040801880694e+63,3.6203178125572965e+63,1.6161279150269322e+62,1.6161279150269322e+62
2025-05-17,-1.4565919196911132e+63,-1.2538472041366543e+64,7.500849216301944e+63,-1.4565919196911132e+63,-1.4565919196911132e+63
2025-05-18,6.39219936791214e+62,-2.5792168038999238e+64,3.185435736755459e+64,6.39219936791214e+62,6.39219936791214e+62
2025-05-19,-1.0114810314791354e+64,-1.0818745409931086e+65,6.530783318922673e+64,-1.0114810314791354e+64,-1.0114810314791354e+64
2025-05-20,-1.2812248639148927e+63,-2.206071160816359e+65,2.718041466465988e+65,-1.2812248639148927e+63,-1.2812248639148927e+63
2025-05-21,-6.550839394611396e+64,-9.09422979761189e+65,5.517243317240569e+65,-6.550839394611396e+64,-6.550839394611396e+64
2025-05-22,-7.012999197346581e+64,-1.9107276162578464e+66,2.2499876804832454e+66,-7.012999197346581e+64,-7.012999197346581e+64
2025-05-23,-3.7928054245975074e+65,-7.4483850159422e+66,4.854388133758968e+66,-3.7928054245975074e+65,-3.7928054245975074e+65
2025-05-24,-1.1081372139807773e+66,-1.648782395499675e+67,1.804172893455975e+67,-1.1081372139807773e+66,-1.1081372139807773e+66
2025-05-25,-1.7166250208153664e+66,-5.931514716394636e+67,4.142460701133803e+67,-1.7166250208153664e+66,-1.7166250208153664e+66
2025-05-26,-1.3670851681684818e+67,-1.4112696658071894e+68,1.396633214338328e+68,-1.3670851681684818e+67,-1.3670851681684818e+67
2025-05-27,-2.1566546598447788e+66,-4.577818312733394e+68,3.5959034210353435e+68,-2.1566546598447788e+66,-2.1566546598447788e+66
2025-05-28,-1.5093146638678472e+68,-1.2286226459111092e+69,1.0355101774481074e+69,-1.5093146638678472e+68,-1.5093146638678472e+68
2025-05-29,8.080471398175966e+67,-3.4028226692393568e+69,3.0996252183463933e+69,8.080471398175966e+67,8.080471398175966e+67
2025-05-30,-1.554941104607317e+69,-1.0419060743083635e+70,7.259492221113507e+69,-1.554941104607317e+69,-1.554941104607317e+69
2025-05-31,1.4598321434298336e+69,-2.4088193880997297e+70,2.6541744711066773e+70,1.4598321434298336e+69,1.4598321434298336e+69
2025-06-01,-1.5284168718357798e+70,-9.128140450957673e+70,5.479750027968843e+70,-1.5284168718357798e+70,-1.5284168718357798e+70
2025-06-02,1.812294501555766e+70,-1.8723799356669633e+71,2.311525534254685e+71,1.812294501555766e+70,1.812294501555766e+70
2025-06-03,-1.449376870538967e+71,-7.809272407222059e+71,4.723881529857937e+71,-1.449376870538967e+71,-1.449376870538967e+71
2025-06-04,1.948593572164016e+71,-1.5879470623786252e+72,1.953287524209746e+72,1.948593572164016e+71,1.948593572164016e+71
2025-06-05,-1.3335445743695822e+72,-6.761775770195497e+72,4.044538202965099e+72,-1.3335445743695822e+72,-1.3335445743695822e+72
2025-06-06,1.9234161395224067e+72,-1.391063516171515e+73,1.7180303441508868e+73,1.9234161395224067e+72,1.9234161395224067e+72
2025-06-07,-1.197033413135193e+73,-5.83609152721497e+73,3.522705154774171e+73,-1.197033413135193e+73,-1.197033413135193e+73
2025-06-08,1.790683663850887e+73,-1.1901656100783495e+74,1.4664412568225338e+74,1.790683663850887e+73,1.790683663850887e+73
2025-06-09,-1.0491145017481143e+74,-4.993888171900505e+74,2.9770122196601564e+74,-1.0491145017481143e+74,-1.0491145017481143e+74
2025-06-10,1.5914153187296842e+74,-1.0304207362146966e+75,1.2725237516400214e+75,1.5914153187296842e+74,1.5914153187296842e+74
2025-06-11,-9.003350776970663e+74,-4.348551618749865e+75,2.6181593118298677e+75,-9.003350776970663e+74,-9.003350776970663e+74
2025-06-12,1.354817697215384e+75,-8.894225896938439e+75,1.0971810483211387e+76,1.354817697215384e+75,1.354817697215384e+75
2025-06-13,-7.561819039187153e+75,-3.688507084251998e+76,2.2349434268916504e+76,-7.561819039187153e+75,-7.561819039187153e+75
2025-06-14,1.1086207008031382e+76,-7.609946093167476e+76,9.391772981916058e+76,1.1086207008031382e+76,1.1086207008031382e+76
2025-06-15,-6.216455776561024e+76,-3.230546466095202e+77,1.9391808706715438e+77,-6.216455776561024e+76,-6.216455776561024e+76
2025-06-16,8.66272821462089e+76,-6.627043453399993e+77,8.181467019448395e+77,8.66272821462089e+76,8.66272821462089e+76
2025-06-17,-4.99875740069524e+77,-2.7643991876985716e+78,1.6721213259513296e+78,-4.99875740069524e+77,-4.99875740069524e+77
2025-06-18,6.424771925647576e+77,-5.6215719507266424e+78,6.915270014990926e+78,6.424771925647576e+77,6.424771925647576e+77
2025-06-19,-3.919460394544374e+78,-2.3928858724547486e+79,1.4311552777048999e+79,-3.919460394544374e+78,-3.919460394544374e+78
2025-06-20,4.426525748449732e+78,-4.923119495369846e+79,6.080317258692885e+79,4.426525748449732e+78,4.426525748449732e+78
2025-06-21,-2.991395797414627e+79,-2.0657606195311553e+80,1.2468335323425632e+80,-2.991395797414627e+79,-2.991395797414627e+79
2025-06-22,2.7115583507989076e+79,-4.2130565802037185e+80,5.191225821846609e+80,2.7115583507989076e+79,2.7115583507989076e+79
2025-06-23,-2.2058357358711326e+80,-1.7671233418935944e+81,1.0539578103007047e+81,-2.2058357358711326e+80,-2.2058357358711326e+80
2025-06-24,1.2961928719636652e+80,-3.6464944472571703e+81,4.503216777895237e+81,1.2961928719636652e+80,1.2961928719636652e+80
2025-06-25,-1.5598718642903707e+81,-1.5391109291098827e+82,9.26597603437768e+81,-1.5598718642903707e+81,-1.5598718642903707e+81
2025-06-26,1.626974940417925e+80,-3.148225058927955e+82,3.883706841803032e+82,1.626974940417925e+80,1.626974940417925e+80
2025-06-27,-1.0393423466070164e+82,-1.305785311495997e+83,7.911729764576746e+82,-1.0393423466070164e+82,-1.0393423466070164e+82
2025-06-28,-6.962994975903457e+81,-2.692832743093017e+83,3.2502921091986714e+83,-6.962994975903457e+81,-6.962994975903457e+81
2025-06-29,-6.30968027406266e+82,-1.0795158083634536e+84,6.862383238221507e+83,-6.30968027406266e+82,-6.30968027406266e+82
2025-06-30,-1.3210091594907393e+83,-2.3455507683967714e+84,2.6364751445322758e+84,-1.3210091594907393e+83,-1.3210091594907393e+83
2025-07-01,-3.2109373084623714e+83,-8.686143150134347e+84,5.918826454529858e+84,-3.2109373084623714e+83,-3.2109373084623714e+83
2025-07-02,-1.7357859387123286e+84,-1.9901171071132913e+85,2.068132554001217e+85,-1.7357859387123286e+84,-1.7357859387123286e+84
2025-07-03,-9.274897427190885e+83,-6.782126218281062e+85,5.064116175976579e+85,-9.274897427190885e+83,-9.274897427190885e+83
2025-07-04,-1.979100661741491e+85,-1.742340418095289e+86,1.558849400710645e+86,-1.979100661741491e+85,-1.979100661741491e+85
2025-07-05,6.600816433912255e+84,-5.1146043306499e+86,4.413058901048513e+86,6.600816433912255e+84,6.600816433912255e+84
2025-07-06,-2.083875997383814e+86,-1.491373143276919e+87,1.1172376104722533e+87,-2.083875997383814e+86,-2.083875997383814e+86
2025-07-07,1.704041009467334e+86,-3.6900389387296844e+87,3.7313395133383073e+87,1.704041009467334e+86,1.704041009467334e+86
2025-07-08,-2.0787291990475457e+87,-1.2904338965430093e+88,7.716892071207613e+87,-2.0787291990475457e+87,-2.0787291990475457e+87
2025-07-09,2.309151568864275e+87,-2.6551988369244385e+88,3.279331766504843e+88,2.309151568864275e+87,2.309151568864275e+87
2025-07-10,-1.9955022986107613e+88,-1.1143523605196984e+89,6.725376492457344e+88,-1.9955022986107613e+88,-1.9955022986107613e+88
2025-07-11,2.585279988431526e+88,-2.2729111944186997e+89,2.8007564000674193e+89,2.585279988431526e+88,2.585279988431526e+88
2025-07-12,-1.854229161952469e+89,-9.528760803508359e+89,5.686936475559306e+89,-1.854229161952469e+89,-1.854229161952469e+89
2025-07-13,2.6213064308942654e+89,-1.9664775628953797e+90,2.428458570887047e+90,2.6213064308942654e+89,2.6213064308942654e+89
2025-07-14,-1.678760738156983e+90,-8.30173830227274e+90,4.997466363565196e+90,-1.678760738156983e+90,-1.678760738156983e+90
2025-07-15,2.485578629343011e+90,-1.698274691106181e+91,2.0950889281058914e+91,2.485578629343011e+90,2.485578629343011e+90
2025-07-16,-1.483540402076913e+91,-7.045285559043709e+91,4.268511036286955e+91,-1.483540402076913e+91,-1.483540402076913e+91
2025-07-17,2.2451869529670782e+91,-1.4520400883992876e+92,1.7919242865845345e+92,2.2451869529670782e+91,2.2451869529670782e+91
2025-07-18,-1.2824391530202385e+92,-6.166303053704179e+92,3.700687432616317e+92,-1.2824391530202385e+92,-1.2824391530202385e+92
2025-07-19,1.9394822623975692e+92,-1.2651545781464328e+93,1.561960504779798e+93,1.9394822623975692e+92,1.9394822623975692e+92
2025-07-20,-1.0856600369488103e+93,-5.27927734842719e+93,3.192943250366694e+93,-1.0856600369488103e+93,-1.0856600369488103e+93
2025-07-21,1.6102514137435288e+93,-1.0737546528347533e+94,1.32100737532364e+94,1.6102514137435288e+93,1.6102514137435288e+93
2025-07-22,-8.991666562785575e+93,-4.566623520821731e+94,2.7306002100322666e+94,-8.991666562785575e+93,-8.991666562785575e+93
2025-07-23,1.2800540860135236e+94,-9.396987373801874e+94,1.160589457761968e+95,1.2800540860135236e+94,1.2800540860135236e+94
2025-07-24,-7.290736547202806e+94,-3.944377342472724e+95,2.3803817810642172e+95,-7.290736547202806e+94,-7.290736547202806e+94
2025-07-25,9.68267718942014e+94,-8.04582050719866e+95,9.91466885976524e+95,9.68267718942014e+94,9.68267718942014e+94
2025-07-26,-5.76861821823279e+95,-3.371807089317967e+96,2.0133463784082497e+96,-5.76861821823279e+95,-5.76861821823279e+95
2025-07-27,6.874909890521588e+95,-6.95902168512114e+96,8.593805351074567e+96,6.874909890521588e+95,6.874909890521588e+95
2025-07-28,-4.447597131762547e+96,-2.9382748987586654e+97,1.7686538320790693e+97,-4.447597131762547e+96,-4.447597131762547e+96
2025-07-29,4.4224521225238e+96,-6.0112331597429456e+97,7.415976679337771e+97,4.4224521225238e+96,4.4224521225238e+96
2025-07-30,-3.323088898968848e+97,-2.4941219182944663e+98,1.5110503909950368e+98,-3.323088898968848e+97,-3.323088898968848e+97
2025-07-31,2.378458919023207e+97,-5.138124825918029e+98,6.340664071394908e+98,2.378458919023207e+97,2.378458919023207e+97
2025-08-01,-2.3878682932422123e+98,-2.1823074779144437e+99,1.3095947155234683e+99,-2.3878682932422123e+98,-2.3878682932422123e+98
2025-08-02,7.178488729395995e+97,-4.477820768985182e+99,5.528399878393206e+99,7.178488729395995e+97,7.178488729395995e+97
2025-08-03,-1.6302443270191925e+99,-1.868795478816922e+100,1.1302038267898788e+100,-1.6302443270191925e+99,-1.6302443270191925e+99
2025-08-04,-5.644461798348096e+98,-3.8012273133841246e+100,4.676755387283187e+100,-5.644461798348096e+98,-5.644461798348096e+98
2025-08-05,-1.028298426189879e+100,-1.559262866194645e+101,9.662130678710351e+100,-1.028298426189879e+100,-1.028298426189879e+100
2025-08-06,-1.5122537749855318e+100,-3.3256723544295664e+101,3.8366800066877296e+101,-1.5122537749855318e+100,-1.5122537749855318e+100
2025-08-07,-5.670839174903189e+100,-1.2671811681930995e+102,8.425112539058862e+101,-5.670839174903189e+100,-5.670839174903189e+100
2025-08-08,-2.1671543730385805e+101,-2.8481138684830093e+102,3.0471242391468396e+102,-2.1671543730385805e+101,-2.1671543730385805e+101
2025-08-09,-2.2250987293227154e+101,-1.0004219961286646e+103,7.12783367843962e+102,-2.2250987293227154e+101,-2.2250987293227154e+101
2025-08-10,-2.569949849836946e+102,-2.462672311925578e+103,2.331923329830294e+103,-2.569949849836946e+102,-2.569949849836946e+102
2025-08-11,2.2246924261176162e+101,-7.644591612298875e+103,6.259431389568969e+103,2.2246924261176162e+101,2.2246924261176162e+101
2025-08-12,-2.7739545856687683e+103,-2.1277390510767036e+104,1.7042187754244713e+104,-2.7739545856687683e+103,-2.7739545856687683e+103
2025-08-13,1.8674005335686285e+103,-5.610622804268204e+104,5.3490970229089965e+104,1.8674005335686285e+103,1.8674005335686285e+103
2025-08-14,-2.8138549795073576e+104,-1.8181509862165956e+105,1.1706363256778852e+105,-2.8138549795073576e+104,-2.8138549795073576e+104
2025-08-15,2.8771586048038243e+104,-3.9042222827402527e+105,4.634367911756186e+105,2.8771586048038243e+104,2.8771586048038243e+104
2025-08-16,-2.7358263358242547e+105,-1.5848530847770341e+106,9.538908764078747e+105,-2.7358263358242547e+105,-2.7358263358242547e+105
2025-08-17,3.388349009464469e+105,-3.242672640816118e+106,4.0005655378632644e+106,3.388349009464469e+105,3.388349009464469e+105
2025-08-18,-2.569904921170486e+106,-1.3456798130081276e+107,8.152311399016767e+106,-2.569904921170486e+106,-2.569904921170486e+106
2025-08-19,3.5422836196312755e+106,-2.7705854216042834e+107,3.418903095732641e+107,3.5422836196312755e+106,3.5422836196312755e+106
2025-08-20,-2.3470743140914332e+107,-1.1769811361074756e+108,7.062224250800983e+107,-2.3470743140914332e+107,-2.3470743140914332e+107
2025-08-21,3.42983560336222e+107,-2.415254670487085e+108,2.981974210364455e+108,3.42983560336222e+107,3.42983560336222e+107
2025-08-22,-2.0920946384965107e+108,-1.0081925781123353e+109,6.096904360991436e+108,-2.0920946384965107e+108,-2.0920946384965107e+108
2025-08-23,3.1495571021266563e+108,-2.0509142676567587e+109,2.5234549654341794e+109,3.1495571021266563e+108,3.1495571021266563e+108
2025-08-24,-1.822006141845292e+109,-8.714938181076885e+109,5.2098420013919186e+109,-1.822006141845292e+109,-1.822006141845292e+109
2025-08-25,2.763078623624491e+109,-1.7936292508398497e+110,2.2152666715560675e+110,2.763078623624491e+109,2.763078623624491e+109
2025-08-26,-1.5543099850185538e+110,-7.53134101388916e+110,4.544433330102325e+110,-1.5543099850185538e+110,-1.5543099850185538e+110
2025-08-27,2.3259659378249244e+110,-1.53652166237855e+111,1.8935683888129762e+111,2.3259659378249244e+110,2.3259659378249244e+110
2025-08-28,-1.2971678636593858e+111,-6.433606484996924e+111,3.8459885860773404e+111,-1.2971678636593858e+111,-1.2971678636593858e+111
2025-08-29,1.879575672756446e+111,-1.3280569671129584e+112,1.639997518473777e+112,1.879575672756446e+111,1.879575672756446e+111
2025-08-30,-1.0599614801440306e+112,-5.60932370842912e+112,3.3758995907320953e+112,-1.0599614801440306e+112,-1.0599614801440306e+112
2025-08-31,1.4478645438912334e+112,-1.1477750371729307e+113,1.4160710715679732e+113,1.4478645438912334e+112,1.4478645438912334e+112
2025-09-01,-8.46274105739468e+112,-4.763857366583944e+113,2.8858977833362056e+113,-8.46274105739468e+112,-8.46274105739468e+112
2025-09-02,1.0546690858862647e+113,-9.803831619204836e+113,1.209761544343232e+114,1.0546690858862647e+113,1.0546690858862647e+113
2025-09-03,-6.586589434626723e+113,-4.1654197492901083e+114,2.4991589729823236e+114,-6.586589434626723e+113,-6.586589434626723e+113
2025-09-04,7.064349331977457e+113,-8.548386609741037e+114,1.055434137680498e+115,7.064349331977457e+113,7.064349331977457e+113
2025-09-05,-4.981792277002688e+114,-3.568854021741804e+115,2.1581057720785226e+115,-4.981792277002688e+114,-4.981792277002688e+114
2025-09-06,4.118927532795186e+114,-7.260461464647723e+115,8.933723456557588e+115,4.118927532795186e+114,4.118927532795186e+114
2025-09-07,-3.632580400168505e+115,-3.0840487993811093e+116,1.8434749328389817e+116,-3.632580400168505e+115,-3.632580400168505e+115
2025-09-08,1.7032236596457619e+115,-6.347777422944035e+116,7.840003053051837e+116,1.7032236596457619e+115,1.7032236596457619e+115
2025-09-09,-2.5317886375574757e+116,-2.665786843263275e+117,1.6084467400967982e+117,-2.5317886375574757e+116,-2.5317886375574757e+116
2025-09-10,-2.0177167129132806e+115,-5.43905799575875e+117,6.703174256287702e+117,-2.0177167129132806e+115,-2.0177167129132806e+115
2025-09-11,-1.6491213898576385e+117,-2.244781836956257e+118,1.3615844604561702e+118,-1.6491213898576385e+117,-1.6491213898576385e+117
2025-09-12,-1.6282886784154863e+117,-4.699735153115033e+118,5.5605004650481175e+118,-1.6282886784154863e+117,-1.6282886784154863e+117
2025-09-13,-9.643166441130823e+117,-1.841827864934998e+119,1.1947565923067025e+119,-9.643166441130823e+117,-9.643166441130823e+117
2025-09-14,-2.646279388215527e+118,-4.062651813093774e+119,4.4685959429964804e+119,-2.646279388215527e+118,-2.646279388215527e+118
2025-09-15,-4.480274953154944e+118,-1.4696653094457292e+120,1.0215982137853011e+120,-4.480274953154944e+118,-4.480274953154944e+118
2025-09-16,-3.299427520921559e+119,-3.469120597817032e+120,3.468161296141305e+120,-3.299427520921559e+119,-3.299427520921559e+119
2025-09-17,-7.330439880380833e+118,-1.1368190095244373e+121,8.843931138078358e+120,-7.330439880380833e+118,-7.330439880380833e+118
2025-09-18,-3.663516200392663e+120,-3.0255516712658027e+121,2.5797345187761083e+121,-3.663516200392663e+120,-3.663516200392663e+120
2025-09-19,1.8316043837211018e+120,-8.474357206766706e+121,7.638975540541701e+121,1.8316043837211018e+120,1.8316043837211018e+120
2025-09-20,-3.7890602009936767e+121,-2.5702777834258113e+122,1.81656264710267e+122,-3.7890602009936767e+121,-3.7890602009936767e+121
2025-09-21,3.476252687319504e+121,-6.0215768107684556e+122,6.523024693240163e+122,3.476252687319504e+121,3.476252687319504e+121
2025-09-22,-3.7344014199503705e+122,-2.2465181585426025e+123,1.3477074854213806e+123,-3.7344014199503705e+122,-3.7344014199503705e+122
2025-09-23,4.378238160099075e+122,-4.6108168194337393e+123,5.69288902479132e+123,4.378238160099075e+122,4.378238160099075e+122
2025-09-24,-3.549383141539698e+123,-1.9253417803165628e+124,1.1641860020234698e+124,-3.549383141539698e+123,-3.549383141539698e+123
2025-09-25,4.741123146150267e+123,-3.9172847897361684e+124,4.820367287227073e+124,4.741123146150267e+123,4.741123146150267e+123
2025-09-26,-3.2716169857145247e+124,-1.6631419361352899e+125,9.939993157758196e+124,-3.2716169857145247e+124,-3.2716169857145247e+124
2025-09-27,4.702517393565101e+124,-3.423517170498621e+125,4.228325774488451e+125,4.702517393565101e+124,4.702517393565101e+124
2025-09-28,-2.9415100666722213e+125,-1.4380089639097906e+126,8.67576658705833e+125,-2.9415100666722213e+125,-2.9415100666722213e+125
2025-09-29,4.3926162941623826e+125,-2.9342854516992614e+126,3.6164153538522203e+126,4.3926162941623826e+125,4.3926162941623826e+125
2025-09-30,-2.5819758201182313e+126,-1.227558529591501e+127,7.346690520951916e+126,-2.5819758201182313e+126,-2.5819758201182313e+126
2025-10-01,3.915794708065535e+126,-2.5344348085860163e+127,3.129651032329574e+127,3.915794708065535e+126,3.915794708065535e+126
2025-10-02,-2.218873221681653e+127,-1.0708390253920865e+128,6.44363957697098e+127,-2.218873221681653e+127,-2.218873221681653e+127
2025-10-03,3.3426321614285586e+127,-2.1915198275652876e+128,2.7039369772864365e+128,3.3426321614285586e+127,3.3426321614285586e+127
2025-10-04,-1.8664133907055435e+128,-9.09902842159001e+128,5.5115972619911615e+128,-1.8664133907055435e+128,-1.8664133907055435e+128
2025-10-05,2.7429669517171587e+128,-1.8706088313464594e+129,2.308128125128841e+129,2.7429669517171587e+128,2.7429669517171587e+128
2025-10-06,-1.5365065784908745e+129,-7.950554319847454e+129,4.769204016799422e+129,-1.5365065784908745e+129,-1.5365065784908745e+129
2025-10-07,2.1504358035661024e+129,-1.631913808897121e+130,2.014920139957929e+130,2.1504358035661024e+129,2.1504358035661024e+129
2025-10-08,-1.2375390378656752e+130,-6.815396488183105e+130,4.1208186593332204e+130,-1.2375390378656752e+130,-1.2375390378656752e+130
2025-10-09,1.6011447086632476e+130,-1.3867552323915774e+131,1.706532748863015e+131,1.6011447086632476e+130,1.6011447086632476e+130
2025-10-10,-9.720081281107452e+130,-5.8855153396108114e+131,3.517196868938183e+131,-9.720081281107452e+130,-9.720081281107452e+130
2025-10-11,1.1098835259649924e+131,-1.2116013008533781e+132,1.496430452786504e+132,1.1098835259649924e+131,1.1098835259649924e+131
2025-10-12,-7.43336948996045e+131,-5.0899409980553136e+132,3.070666671688344e+132,-7.43336948996045e+131,-7.43336948996045e+131
2025-10-13,6.8679327322503035e+131,-1.0386886042683822e+133,1.2801931121680675e+133,6.8679327322503035e+131,6.8679327322503035e+131
2025-10-14,-5.495329706215689e+132,-4.343744555618194e+133,2.600913407479369e+133,-5.495329706215689e+132,-5.495329706215689e+132
2025-10-15,3.370666344107653e+132,-8.968835470833824e+133,1.1075046853611973e+134,3.370666344107653e+132,3.370666344107653e+132
2025-10-16,-3.8983985960989857e+133,-3.790033121096826e+134,2.2804420223441143e+134,-3.8983985960989857e+133,-3.8983985960989857e+133
2025-10-17,5.610255299384149e+132,-7.757044468046245e+134,9.570994481474475e+134,5.610255299384149e+132,5.610255299384149e+132
2025-10-18,-2.6102928232939865e+134,-3.2211363198068686e+135,1.951076624125764e+135,-2.6102928232939865e+134,-2.6102928232939865e+134
2025-10-19,-1.5750594776219834e+134,-6.619189321226074e+135,8.026451380740774e+135,-1.5750594776219834e+134,-1.5750594776219834e+134
2025-10-20,-1.5971279300458642e+135,-2.667639061481899e+136,1.6877000266576905e+136,-1.5971279300458642e+135,-1.5971279300458642e+135
2025-10-21,-3.134102491021678e+135,-5.775848140845251e+136,6.524711265558695e+136,-3.134102491021678e+135,-3.134102491021678e+135
2025-10-22,-8.270818255012322e+135,-2.1505876603528607e+137,1.4586251248933371e+137,-8.270818255012322e+135,-8.270818255012322e+135
2025-10-23,-4.177442412882364e+136,-4.9092325469795615e+137,5.130507686982189e+137,-4.177442412882364e+136,-4.177442412882364e+136
2025-10-24,-2.5790356913618293e+136,-1.6827600174961812e+138,1.2445328879175892e+138,-2.5790356913618293e+136,-2.5790356913618293e+136
2025-10-25,-4.795556772537175e+137,-4.287915193912157e+138,3.878610453031886e+138,-4.795556772537175e+137,-4.795556772537175e+137
2025-10-26,1.393711853756377e+137,-1.2723030320686142e+139,1.0868173956601655e+139,1.393711853756377e+137,1.393711853756377e+137
2025-10-27,-5.0720346407203906e+138,-3.6767789567204635e+139,2.7905884078243923e+139,-5.0720346407203906e+138,-5.0720346407203906e+138
2025-10-28,4.0185277265103713e+138,-9.210315873474537e+139,9.207866148930071e+139,4.0185277265103713e+138,4.0185277265103713e+138
2025-10-29,-5.074694032349501e+139,-3.1738781081341332e+140,1.8964558924396899e+140,-5.074694032349501e+139,-5.074694032349501e+139
2025-10-30,5.558047547081481e+139,-6.534436922276684e+140,8.070601891933151e+140,5.558047547081481e+139,5.558047547081481e+139
2025-10-31,-4.883076171289509e+140,-2.7456572733304396e+141,1.656269538482123e+141,-4.883076171289509e+140,-4.883076171289509e+140
2025-11-01,6.27668285639364e+140,-5.603525904238696e+141,6.906693475211285e+141,6.27668285639364e+140,6.27668285639364e+140
2025-11-02,-4.5463609469388724e+141,-2.342210299417458e+142,1.403362284959998e+142,-4.5463609469388724e+141,-4.5463609469388724e+141
2025-11-03,6.399174604118013e+141,-4.8366145040476047e+142,5.972328826231857e+142,6.399174604118013e+141,6.399174604118013e+141
2025-11-04,-4.122842364620324e+142,-2.044247700329612e+143,1.2298949564017178e+143,-4.122842364620324e+142,-4.122842364620324e+142
2025-11-05,6.090530736533364e+142,-4.184364308274716e+143,5.1630096408644095e+143,6.090530736533364e+142,6.090530736533364e+142
2025-11-06,-3.6492932768008545e+143,-1.7379069636602468e+144,1.0526126395967252e+144,-3.6492932768008545e+143,-3.6492932768008545e+143
2025-11-07,5.518559535417392e+143,-3.569160546070854e+144,4.403674265681081e+144,5.518559535417392e+143,5.518559535417392e+143
2025-11-08,-3.158989149036229e+144,-1.5175111185957303e+145,9.101081338105755e+144,-3.158989149036229e+144,-3.158989149036229e+144
2025-11-09,4.780828526846361e+144,-3.115343398069002e+145,3.8466226010747775e+145,4.780828526846361e+144,4.780828526846361e+144
2025-11-10,-2.6782228637388385e+145,-1.3015139458499693e+146,7.868449154882191e+145,-2.6782228637388385e+145,-2.6782228637388385e+145
2025-11-11,3.979795865938777e+145,-2.648686975628007e+146,3.25980079184924e+146,3.979795865938777e+145,3.979795865938777e+145
2025-11-12,-2.2213199511669283e+146,-1.1231653229154128e+147,6.710444049649408e+146,-2.2213199511669283e+146,-2.2213199511669283e+146
2025-11-13,3.173750610859896e+146,-2.3125632031769724e+147,2.8562216775721503e+147,3.173750610859896e+146,3.173750610859896e+146
2025-11-14,-1.8038276977343617e+147,-9.718417217462662e+147,5.862106580739024e+147,-1.8038276977343617e+147,-1.8038276977343617e+147
2025-11-15,2.4091734353546047e+147,-1.9835465894705954e+148,2.4449222232738232e+148,2.4091734353546047e+147,2.4091734353546047e+147
2025-11-16,-1.4296815795297255e+148,-8.287933018883923e+148,4.968227998690567e+148,-1.4296815795297255e+148,-1.4296815795297255e+148
2025-11-17,1.7194155431580528e+148,-1.7115700128185464e+149,2.1134465320406903e+149,1.7194155431580528e+148,1.7194155431580528e+148
2025-11-18,-1.1042941709128012e+149,-7.235198904541785e+149,4.352649591422446e+149,-1.1042941709128012e+149,-1.1042941709128012e+149
2025-11-19,1.1151513626877875e+149,-1.4810796914491008e+150,1.827516237027143e+150,1.1151513626877875e+149,1.1151513626877875e+149
2025-11-20,-8.270663429690532e+149,-6.152315111931532e+150,3.726173880580845e+150,-8.270663429690532e+149,-8.270663429690532e+149
2025-11-21,6.103238110273056e+149,-1.262950078999359e+151,1.558199672522816e+151,6.103238110273056e+149,6.103238110273056e+149
2025-11-22,-5.960024235045509e+150,-5.370525914584101e+151,3.220625669565759e+151,-5.960024235045509e+150,-5.960024235045509e+150
2025-11-23,1.9932228067227934e+150,-1.1026117539382813e+152,1.3614499208413953e+152,1.9932228067227934e+150,1.9932228067227934e+150
2025-11-24,-4.0860324487765585e+151,-4.607117435229328e+152,2.785140695658738e+152,-4.0860324487765585e+151,-4.0860324487765585e+151
2025-11-25,-1.1929861841657448e+151,-9.376535324336294e+152,1.1540432541593384e+153,-1.1929861841657448e+151,-1.1929861841657448e+151
2025-11-26,-2.594069344824917e+152,-3.850707046107979e+153,2.3744273474214094e+153,-2.594069344824917e+152,-2.594069344824917e+152
2025-11-27,2.9297480340620405e+152,-3.974627077053921e+153,4.907825755340928e+153,2.8690512746100684e+152,2.990444793514012e+152
2025-11-28,4.742646984245129e+152,2.9297480340620405e+152,8.811399711741421e+152,4.268382285820616e+152,5.216911682669642e+152
2025-11-29,4.284623886744652e+152,3.9389803923999397e+152,4.819557662501915e+152,3.856161498070186e+152,4.713086275419117e+152
2025-11-30,4.210102959906913e+152,4.1637003649691316e+152,4.284623886744651e+152,3.789092663916222e+152,4.631113255897605e+152
2025-12-01,4.208621086551843e+152,4.202331770320221e+152,4.212457178970112e+152,3.787758977896659e+152,4.629483195207028e+152
2025-12-02,4.209624728919599e+152,4.2085593418287155e+152,4.210268093290507e+152,3.7886622560276394e+152,4.63058720181156e+152
2025-12-03,4.209775643206594e+152,4.209624728919599e+152,4.209862632613422e+152,3.788798078885935e+152,4.630753207527254e+152
2025-12-04,4.166536655404137e+152,4.096491756320214e+152,4.209791149668952e+152,3.991128923316466e+152,4.341944387491808e+152
2025-12-05,4.120737055653135e+152,4.037800231104483e+152,4.221930981389144e+152,4.120737055653135e+152,4.120737055653135e+152
2025-12-06,4.1034228077005685e+152,3.8099360509408227e+152,4.334486725795997e+152,4.1034228077005685e+152,4.1034228077005685e+152
2025-12-07,3.9211007904095418e+152,3.313072764335969e+152,4.541781784789905e+152,3.9211007904095418e+152,3.9211007904095418e+152
2025-12-08,4.164856121824143e+152,2.552988634197685e+152,5.855716696383518e+152,4.164856121824143e+152,4.164856121824143e+152
2025-12-09,3.3747271290618706e+152,-1.272749559285538e+152,7.312531109746553e+152,3.3747271290618706e+152,3.3747271290618706e+152
2025-12-10,3.5340172144875056e+152,-7.710176400819911e+152,1.6821601399281523e+153,3.5340172144875056e+152,3.5340172144875056e+152
2025-12-11,3.42443499454206e+152,-3.4306811616366996e+153,3.352647582660959e+153,3.42443499454206e+152,3.42443499454206e+152
2025-12-12,-1.1591706163489958e+153,-5.703766305940374e+153,-2.899913872881818e+152,-1.1053051701302907e+153,-1.2130360625677009e+153
2025-12-13,-8.059927539777158e+152,-1.1631239883529122e+153,-7.068084691206675e+152,-7.253934785799443e+152,-8.865920293754875e+152
2025-12-14,-7.717147288615838e+152,-8.059927539777158e+152,-7.556754332169964e+152,-6.945432559754254e+152,-8.488862017477423e+152
2025-12-15,-7.719017544734829e+152,-7.735472605891175e+152,-7.69146392599244e+152,-6.947115790261347e+152,-8.490919299208313e+152
2025-12-16,-7.723865356573513e+152,-7.726345583672359e+152,-7.719017544734829e+152,-6.951478820916162e+152,-8.496251892230866e+152
2025-12-17,-7.724470411676194e+152,-7.724805213052483e+152,-7.723865356573512e+152,-6.952023370508574e+152,-8.496917452843814e+152
2025-12-18,-7.724474697202775e+152,-7.72452597766747e+152,-7.724439479590302e+152,-6.952027227482496e+152,-8.496922166923053e+152
2025-12-19,-7.6879905655613925e+152,-7.724474875766382e+152,-7.657636593504298e+152,-7.527064039762926e+152,-7.84891709135986e+152
2025-12-20,-7.640776678288933e+152,-7.677093919741837e+152,-7.608803715100138e+152,-7.640776678288933e+152,-7.640776678288933e+152
2025-12-21,-7.594200512646213e+152,-7.71281510931004e+152,-7.466131746513184e+152,-7.594200512646213e+152,-7.594200512646213e+152
2025-12-22,-7.433415822306605e+152,-7.7198068792272445e+152,-7.186245673607191e+152,-7.433415822306605e+152,-7.433415822306605e+152
2025-12-23,-7.704489813092726e+152,-8.349605569788936e+152,-6.904085395747208e+152,-7.704489813092726e+152,-7.704489813092726e+152
2025-12-24,-6.882462684665846e+152,-9.097689383348792e+152,-4.651315868551442e+152,-6.882462684665846e+152,-6.882462684665846e+152
2025-12-25,-9.127466703582495e+152,-1.7072448918345843e+153,-2.9389655756407556e+152,-9.127466703582495e+152,-9.127466703582495e+152
2025-12-26,-5.468848589662626e+152,-2.3663454135217787e+153,1.8366259416650492e+153,-5.468848589662626e+152,-5.468848589662626e+152
2025-12-27,-1.1059757192055112e+153,-5.451857207920228e+153,3.545757814270514e+153,-1.0834653072473262e+153,-1.1284861311636964e+153
2025-12-28,-1.0517913482786318e+153,-1.5409463947864675e+153,-5.273852938037324e+152,-9.466122134507687e+152,-1.156970483106495e+153
2025-12-29,-9.729347286649043e+152,-1.0517913482786318e+153,-9.072218348141778e+152,-8.756412557984139e+152,-1.0702282015313948e+153
2025-12-30,-9.648071947065304e+152,-9.729347286649043e+152,-9.56935609549573e+152,-8.683264752358774e+152,-1.0612879141771836e+153
2025-12-31,-9.653125722481897e+152,-9.662175963794639e+152,-9.64166534754379e+152,-8.687813150233708e+152,-1.0618438294730087e+153
